nodeid,,nodetype,age,gender,marrige,withkids,student,workstatue,residentinneighbor,educationlevel,eventtopic,spacefunction,date
680,,Media Content,,,,,,,,,Environment And Sustainability,,2/4/23
681,,Event,,,,,,,,,Community And Organization,,8/19/22
0,,Organization,,,,,,,,,Community And Organization,,7/24/21
1,,Organization,,,,,,,,,Community And Organization,,2/1/22
2,,Organization,,,,,,,,,Community And Organization,,8/8/21
3,,Organization,,,,,,,,,Community And Organization,,8/8/21
4,,Organization,,,,,,,,,Community And Organization,,7/30/21
5,,Organization,,,,,,,,,Community And Organization,,7/30/21
457,,Actors,55,Female,Yes,No,No,Employed,Yes,Highschool,,,5/1/20
1125,,Actors,55,Female,Yes,No,No,Employed,No,Graduate,,,6/18/23
518,,Actors,18-35,Male,No,No,No,Self-employed,No,Undergraduate,,,7/1/23
464,,Actors,18-35,Female,No,No,No,Self-employed,No,Graduate,,,10/1/20
1132,,Actors,35-55,Female,Yes,No,No,Employed,No,Graduate,,,6/1/21
11,,Organization,,,,,,,,,Environment And Sustainability,,10/1/20
12,,Organization,,,,,,,,,Culture And Arts,,1/4/21
967,,Actors,18-35,Female,No,No,No,Freelancer,No,Undergraduate,,,5/20/22
752,,Actors,18-35,Male,No,No,No,Employed,No,Graduate,,,5/16/21
573,,Actors,18-35,Female,No,No,No,Self-employed,No,Graduate,,,8/1/21
931,,Actors,35-55,Male,No,No,No,Employed,No,Graduate,,,10/1/23
1012,,Actors,18-35,Male,No,No,No,Freelancer,No,Undergraduate,,,11/7/23
18,,Organization,,,,,,,,,Environment And Sustainability,,7/1/21
729,,Actors,35-55,Female,No,No,No,Self-employed,No,Undergraduate,,,1/30/21
469,,Actors,35-55,Male,No,No,No,Freelancer,No,Graduate,,,6/1/21
611,,Actors,35-55,Male,Yes,Yes,No,Self-employed,No,Graduate,,,12/1/20
22,,Organization,,,,,,,,,Environment And Sustainability,,10/15/22
1127,,Actors,35-55,Male,Yes,No,No,Employed,No,Graduate,,,5/20/23
217,,Actors,18-35,Male,No,No,No,Freelancer,No,Graduate,,,9/26/21
335,,Actors,18-35,Male,No,No,Yes,Self-employed,No,Undergraduate,,,11/1/20
858,,Actors,18-35,Male,No,No,No,Freelancer,Yes,Graduate,,,8/14/21
539,,Actors,35-55,Male,Yes,Yes,No,Self-employed,No,Undergraduate,,,9/1/21
28,,Organization,,,,,,,,,Culture And Arts,,9/25/23
29,,Organization,,,,,,,,,Environment And Sustainability,,5/17/21
682,,Event,,,,,,,,,Environment And Sustainability,,10/6/23
30,,Organization,,,,,,,,,Environment And Sustainability,,9/25/23
154,,Actors,35-55,Male,No,No,No,Freelancer,No,Undergraduate,,,11/1/21
453,,Actors,35-55,Male,Yes,No,No,Employed,Yes,Undergraduate,,,8/1/20
373,,Actors,18-35,Male,No,No,No,Employed,Yes,Graduate,,,3/2/21
683,,Event,,,,,,,,,Culture And Arts,,11/11/23
1087,,Actors,35-55,Female,Yes,No,No,Employed,No,Graduate,,,11/26/22
35,,Organization,,,,,,,,,Technology And Education,,11/1/22
36,,Organization,,,,,,,,,Technology And Education,,7/15/22
575,,Actors,18-35,Female,No,No,No,Self-employed,No,Undergraduate,,,10/24/22
684,,Event,,,,,,,,,Lifestyle And Health,,3/4/23
685,,Event,,,,,,,,,Lifestyle And Health,,4/15/23
686,,Event,,,,,,,,,Lifestyle And Health,,6/24/23
49,,Actors,18-35,Male,No,No,Yes,Freelancer,No,Graduate,,,11/24/21
39,,Organization,,,,,,,,,Technology And Education,,5/1/22
470,,Actors,35-55,Male,No,No,No,Freelancer,No,Undergraduate,,,7/1/21
41,,Organization,,,,,,,,,Culture And Arts,,6/20/22
42,,Organization,,,,,,,,,Technology And Education,,2/1/23
687,,Event,,,,,,,,,Culture And Arts,,6/21/20
688,,Event,,,,,,,,,Environment And Sustainability,,7/3/20
689,,Event,,,,,,,,,Environment And Sustainability,,7/12/20
690,,Event,,,,,,,,,Lifestyle And Health,,7/17/20
691,,Event,,,,,,,,,Environment And Sustainability,,7/18/20
692,,Event,,,,,,,,,Environment And Sustainability,,7/25/20
693,,Event,,,,,,,,,Lifestyle And Health,,7/31/20
694,,Event,,,,,,,,,Culture And Arts,,8/15/20
695,,Event,,,,,,,,,Culture And Arts,,8/22/20
696,,Event,,,,,,,,,Lifestyle And Health,,8/25/20
697,,Event,,,,,,,,,Technology And Education,,8/30/20
698,,Event,,,,,,,,,Technology And Education,,9/6/20
699,,Event,,,,,,,,,Lifestyle And Health,,9/7/20
700,,Event,,,,,,,,,Technology And Education,,9/19/20
701,,Event,,,,,,,,,Environment And Sustainability,,9/20/20
702,,Event,,,,,,,,,Community And Organization,,9/26/20
703,,Event,,,,,,,,,Culture And Arts,,9/1/20
704,,Event,,,,,,,,,Technology And Education,,10/7/20
705,,Event,,,,,,,,,Lifestyle And Health,,10/24/20
706,,Event,,,,,,,,,Culture And Arts,,10/31/20
707,,Event,,,,,,,,,Lifestyle And Health,,11/1/20
708,,Event,,,,,,,,,Lifestyle And Health,,11/4/20
709,,Event,,,,,,,,,Culture And Arts,,11/7/20
710,,Event,,,,,,,,,Lifestyle And Health,,11/21/20
711,,Event,,,,,,,,,Culture And Arts,,11/22/20
712,,Event,,,,,,,,,Technology And Education,,11/23/20
713,,Event,,,,,,,,,Technology And Education,,11/24/20
714,,Event,,,,,,,,,Culture And Arts,,11/29/20
715,,Event,,,,,,,,,Lifestyle And Health,,11/29/20
716,,Event,,,,,,,,,Lifestyle And Health,,12/5/20
717,,Event,,,,,,,,,Culture And Arts,,12/12/20
718,,Event,,,,,,,,,Environment And Sustainability,,8/11/20
719,,Event,,,,,,,,,Environment And Sustainability,,12/17/20
720,,Event,,,,,,,,,Culture And Arts,,12/18/20
721,,Event,,,,,,,,,Lifestyle And Health,,12/27/20
722,,Event,,,,,,,,,Culture And Arts,,12/27/20
723,,Event,,,,,,,,,Culture And Arts,,1/3/21
724,,Event,,,,,,,,,Technology And Education,,1/15/21
725,,Event,,,,,,,,,Culture And Arts,,1/16/21
726,,Event,,,,,,,,,Culture And Arts,,1/17/21
727,,Event,,,,,,,,,Lifestyle And Health,,1/17/21
728,,Event,,,,,,,,,Environment And Sustainability,,1/23/21
729,,Event,,,,,,,,,Environment And Sustainability,,1/30/21
730,,Event,,,,,,,,,Lifestyle And Health,,2/16/21
731,,Event,,,,,,,,,Lifestyle And Health,,2/17/21
732,,Event,,,,,,,,,Lifestyle And Health,,2/18/21
733,,Event,,,,,,,,,Technology And Education,,2/28/21
734,,Event,,,,,,,,,Technology And Education,,3/7/21
735,,Event,,,,,,,,,Environment And Sustainability,,3/13/21
736,,Event,,,,,,,,,Environment And Sustainability,,3/20/21
737,,Event,,,,,,,,,Technology And Education,,3/21/21
738,,Event,,,,,,,,,Environment And Sustainability,,3/27/21
739,,Event,,,,,,,,,Lifestyle And Health,,3/28/21
740,,Event,,,,,,,,,Technology And Education,,4/3/21
741,,Event,,,,,,,,,Technology And Education,,4/8/21
742,,Event,,,,,,,,,Environment And Sustainability,,4/10/21
743,,Event,,,,,,,,,Environment And Sustainability,,4/11/21
744,,Event,,,,,,,,,Environment And Sustainability,,4/17/21
745,,Event,,,,,,,,,Environment And Sustainability,,4/18/21
746,,Event,,,,,,,,,Lifestyle And Health,,4/23/21
747,,Event,,,,,,,,,Environment And Sustainability,,4/24/21
748,,Event,,,,,,,,,Lifestyle And Health,,5/3/21
749,,Event,,,,,,,,,Culture And Arts,,5/5/21
750,,Event,,,,,,,,,Environment And Sustainability,,5/17/21
751,,Event,,,,,,,,,Lifestyle And Health,,5/9/21
752,,Event,,,,,,,,,Technology And Education,,5/16/21
753,,Event,,,,,,,,,Technology And Education,,5/23/21
754,,Event,,,,,,,,,Environment And Sustainability,,6/2/21
755,,Event,,,,,,,,,Environment And Sustainability,,6/12/21
756,,Event,,,,,,,,,Environment And Sustainability,,6/12/21
757,,Event,,,,,,,,,Technology And Education,,6/20/21
758,,Event,,,,,,,,,Technology And Education,,6/27/21
759,,Event,,,,,,,,,Environment And Sustainability,,7/10/21
760,,Event,,,,,,,,,Environment And Sustainability,,3/1/21
761,,Event,,,,,,,,,Culture And Arts,,7/17/21
762,,Event,,,,,,,,,Environment And Sustainability,,7/18/21
763,,Event,,,,,,,,,Environment And Sustainability,,8/14/21
764,,Event,,,,,,,,,Lifestyle And Health,,8/28/21
765,,Event,,,,,,,,,Environment And Sustainability,,8/29/21
766,,Event,,,,,,,,,Environment And Sustainability,,9/11/21
767,,Event,,,,,,,,,Culture And Arts,,3/2/21
768,,Event,,,,,,,,,Environment And Sustainability,,8/1/20
769,,Event,,,,,,,,,Environment And Sustainability,,10/3/21
770,,Event,,,,,,,,,Environment And Sustainability,,10/5/21
771,,Event,,,,,,,,,Technology And Education,,10/6/21
772,,Event,,,,,,,,,Culture And Arts,,10/15/21
773,,Event,,,,,,,,,Culture And Arts,,10/15/21
774,,Event,,,,,,,,,Environment And Sustainability,,3/2/21
775,,Event,,,,,,,,,Technology And Education,,10/16/21
776,,Event,,,,,,,,,Community And Organization,,10/17/21
777,,Event,,,,,,,,,Culture And Arts,,10/21/21
778,,Event,,,,,,,,,Culture And Arts,,10/28/21
779,,Event,,,,,,,,,Culture And Arts,,11/5/21
780,,Event,,,,,,,,,Environment And Sustainability,,5/17/21
781,,Event,,,,,,,,,Environment And Sustainability,,11/7/21
782,,Event,,,,,,,,,Culture And Arts,,11/11/21
783,,Event,,,,,,,,,Environment And Sustainability,,11/13/21
784,,Event,,,,,,,,,Environment And Sustainability,,11/14/21
785,,Event,,,,,,,,,Culture And Arts,,11/14/21
786,,Event,,,,,,,,,Culture And Arts,,11/19/21
787,,Event,,,,,,,,,Technology And Education,,11/20/21
788,,Event,,,,,,,,,Culture And Arts,,11/26/21
789,,Event,,,,,,,,,Environment And Sustainability,,11/27/21
790,,Event,,,,,,,,,Environment And Sustainability,,3/2/21
791,,Event,,,,,,,,,Culture And Arts,,12/16/21
792,,Event,,,,,,,,,Culture And Arts,,12/23/21
793,,Event,,,,,,,,,Culture And Arts,,12/25/21
794,,Event,,,,,,,,,Culture And Arts,,12/30/21
603,,Actors,35-55,Male,Yes,No,No,Self-employed,No,Graduate,,,2/7/22
795,,Event,,,,,,,,,Technology And Education,,2/13/22
796,,Event,,,,,,,,,Environment And Sustainability,,2/20/22
797,,Event,,,,,,,,,Environment And Sustainability,,2/26/22
798,,Event,,,,,,,,,Lifestyle And Health,,2/26/22
799,,Event,,,,,,,,,Culture And Arts,,3/5/22
800,,Event,,,,,,,,,Lifestyle And Health,,4/20/22
801,,Event,,,,,,,,,Culture And Arts,,6/25/22
802,,Event,,,,,,,,,Culture And Arts,,6/25/22
803,,Event,,,,,,,,,Culture And Arts,,7/23/22
804,,Event,,,,,,,,,Culture And Arts,,8/27/22
538,,Actors,18-35,Male,No,No,No,Freelancer,No,Undergraduate,,,7/29/21
673,,Actors,35-55,Male,No,No,No,Employed,No,Graduate,,,8/1/20
409,,Actors,18-35,Male,No,No,Yes,Freelancer,Yes,Graduate,,,1/15/21
683,,Actors,18-35,Male,No,No,No,Self-employed,No,Undergraduate,,,11/11/23
896,,Actors,35-55,Male,No,No,No,Employed,No,Undergraduate,,,7/27/22
794,,Actors,35-55,Female,No,No,No,Employed,No,Undergraduate,,,12/30/21
670,,Actors,35-55,Male,No,No,No,Self-employed,No,Undergraduate,,,7/1/21
51,,Organization,,,,,,,,,Technology And Education,,9/21/22
52,,Organization,,,,,,,,,Lifestyle And Health,,8/22/21
53,,Organization,,,,,,,,,Community And Organization,,7/2/23
333,,Actors,18-35,Female,No,No,No,Employed,No,Graduate,,,10/1/21
805,,Short-term Project,,,,,,,,,Technology And Education,,11/14/23
1124,,Actors,35-55,Male,Yes,No,No,Employed,No,Graduate,,,5/20/23
902,,Actors,35-55,Male,No,No,No,Employed,No,Graduate,,,11/2/22
57,,Organization,,,,,,,,,Technology And Education,,12/18/20
58,,Organization,,,,,,,,,Lifestyle And Health,,6/10/20
59,,Organization,,,,,,,,,Culture And Arts,,8/24/21
806,,Event,,,,,,,,,Environment And Sustainability,,4/15/23
719,,Actors,18-35,Female,No,No,No,Self-employed,No,Undergraduate,,,12/17/20
61,,Organization,,,,,,,,,Culture And Arts,,7/30/21
1086,,Actors,55,Male,Yes,No,No,Employed,No,Graduate,,,9/1/20
63,,Organization,,,,,,,,,Environment And Sustainability,,9/18/22
64,,Organization,,,,,,,,,Culture And Arts,,4/22/21
708,,Actors,18-35,Male,No,No,No,Freelancer,No,Undergraduate,,,11/4/20
964,,Actors,18-35,Female,No,No,No,Self-employed,No,Undergraduate,,,4/19/22
863,,Actors,18-35,Female,No,No,No,Employed,No,Undergraduate,,,9/6/21
77,,Actors,35-55,Female,No,No,No,Self-employed,No,Undergraduate,,,4/25/23
745,,Actors,35-55,Male,No,No,No,Employed,No,Undergraduate,,,4/18/21
387,,Actors,35-55,Female,No,No,No,Self-employed,No,Undergraduate,,,7/26/23
529,,Actors,18-35,Male,No,No,No,Employed,No,Graduate,,,7/1/21
929,,Actors,18-35,Female,No,No,No,Self-employed,No,Undergraduate,,,9/15/23
1128,,Actors,35-55,Female,No,No,No,Employed,No,Graduate,,,5/20/23
565,,Actors,35-55,Male,No,No,No,Employed,No,Graduate,,,7/2/23
657,,Actors,18-35,Male,No,No,No,Employed,No,Graduate,,,7/1/20
519,,Actors,35-55,Male,No,No,No,Self-employed,No,Undergraduate,,,9/19/21
1078,,Actors,35-55,Female,No,No,No,Employed,No,Graduate,,,7/29/23
892,,Actors,18-35,Male,No,No,Yes,Employed,No,Graduate,,,6/15/22
804,,Actors,35-55,Male,Yes,Yes,No,Employed,No,Graduate,,,8/27/22
805,,Actors,18-35,Female,No,No,No,Employed,No,Undergraduate,,,11/14/23
807,,Event,,,,,,,,,Technology And Education,,3/11/23
808,,Event,,,,,,,,,Environment And Sustainability,,8/1/20
809,,Long-term Project,,,,,,,,,Culture And Arts,,5/6/20
810,,Long-term Project,,,,,,,,,Technology And Education,,9/3/20
811,,Long-term Project,,,,,,,,,Environment And Sustainability,,9/1/20
812,,Long-term Project,,,,,,,,,Culture And Arts,,5/1/21
813,,Long-term Project,,,,,,,,,Culture And Arts,,7/10/21
814,,Long-term Project,,,,,,,,,Technology And Education,,6/16/22
815,,Long-term Project,,,,,,,,,Culture And Arts,,7/1/20
816,,Long-term Project,,,,,,,,,Environment And Sustainability,,8/11/20
817,,Long-term Project,,,,,,,,,Lifestyle And Health,,6/10/20
818,,Long-term Project,,,,,,,,,Lifestyle And Health,,8/25/20
819,,Long-term Project,,,,,,,,,Technology And Education,,5/31/21
820,,Long-term Project,,,,,,,,,Environment And Sustainability,,8/1/21
821,,Long-term Project,,,,,,,,,Environment And Sustainability,,7/1/20
822,,Long-term Project,,,,,,,,,Environment And Sustainability,,8/1/21
823,,Long-term Project,,,,,,,,,Environment And Sustainability,,7/1/20
824,,Long-term Project,,,,,,,,,Technology And Education,,8/1/21
825,,Long-term Project,,,,,,,,,Culture And Arts,,11/1/21
826,,Long-term Project,,,,,,,,,Culture And Arts,,12/1/21
80,,Organization,,,,,,,,,Community And Organization,,12/11/22
241,,Actors,18-35,Female,No,No,No,Freelancer,No,Graduate,,,6/10/22
870,,Actors,18-35,Female,No,No,No,Employed,No,Undergraduate,,,10/25/22
198,,Actors,18-35,Female,No,No,No,Freelancer,No,Graduate,,,7/11/21
625,,Actors,35-55,Female,No,No,No,Self-employed,No,Undergraduate,,,1/1/22
396,,Actors,18-35,Male,Yes,No,No,Employed,No,Graduate,,,5/1/20
650,,Actors,18-35,Male,No,No,No,Employed,No,Undergraduate,,,3/21/22
543,,Actors,35-55,Male,No,No,No,Self-employed,No,Graduate,,,10/1/20
88,,Organization,,,,,,,,,Culture And Arts,,4/1/21
379,,Actors,18-35,Male,No,No,No,Freelancer,No,Graduate,,,3/2/21
395,,Actors,35-55,Female,No,No,No,Employed,No,Graduate,,,5/1/20
276,,Actors,18-35,Female,No,No,Yes,Freelancer,No,Undergraduate,,,5/1/21
827,,Media Content,,,,,,,,,Environment And Sustainability,,5/6/20
828,,Media Content,,,,,,,,,Culture And Arts,,7/1/20
829,,Media Content,,,,,,,,,Culture And Arts,,7/10/20
830,,Media Content,,,,,,,,,Culture And Arts,,7/12/20
831,,Media Content,,,,,,,,,Environment And Sustainability,,7/14/20
832,,Media Content,,,,,,,,,Technology And Education,,9/3/20
833,,Media Content,,,,,,,,,Technology And Education,,9/8/20
834,,Media Content,,,,,,,,,Environment And Sustainability,,12/19/20
835,,Media Content,,,,,,,,,Environment And Sustainability,,12/23/20
836,,Media Content,,,,,,,,,Technology And Education,,1/15/21
837,,Media Content,,,,,,,,,Community And Organization,,2/6/21
838,,Media Content,,,,,,,,,Technology And Education,,3/1/21
839,,Media Content,,,,,,,,,Community And Organization,,3/5/21
840,,Media Content,,,,,,,,,Environment And Sustainability,,3/26/21
841,,Media Content,,,,,,,,,Community And Organization,,4/7/21
842,,Media Content,,,,,,,,,Community And Organization,,5/9/21
843,,Media Content,,,,,,,,,Environment And Sustainability,,5/13/21
844,,Media Content,,,,,,,,,Technology And Education,,5/27/21
845,,Media Content,,,,,,,,,Technology And Education,,5/21/21
846,,Media Content,,,,,,,,,Environment And Sustainability,,5/26/21
847,,Media Content,,,,,,,,,Culture And Arts,,5/16/21
848,,Media Content,,,,,,,,,Community And Organization,,6/14/21
849,,Media Content,,,,,,,,,Community And Organization,,6/24/21
850,,Media Content,,,,,,,,,Environment And Sustainability,,6/29/21
851,,Media Content,,,,,,,,,Culture And Arts,,6/30/21
852,,Media Content,,,,,,,,,Culture And Arts,,7/1/21
853,,Media Content,,,,,,,,,Technology And Education,,7/10/21
854,,Media Content,,,,,,,,,Community And Organization,,7/16/21
855,,Media Content,,,,,,,,,Community And Organization,,7/26/21
856,,Media Content,,,,,,,,,Environment And Sustainability,,7/26/21
857,,Media Content,,,,,,,,,Community And Organization,,8/8/21
858,,Media Content,,,,,,,,,Environment And Sustainability,,8/14/21
859,,Media Content,,,,,,,,,Environment And Sustainability,,8/15/21
860,,Media Content,,,,,,,,,Environment And Sustainability,,8/28/21
861,,Media Content,,,,,,,,,Community And Organization,,9/4/21
862,,Media Content,,,,,,,,,Environment And Sustainability,,9/6/21
863,,Media Content,,,,,,,,,Technology And Education,,9/6/21
864,,Media Content,,,,,,,,,Community And Organization,,9/6/21
865,,Media Content,,,,,,,,,Community And Organization,,9/30/21
866,,Media Content,,,,,,,,,Environment And Sustainability,,10/1/21
867,,Media Content,,,,,,,,,Environment And Sustainability,,10/13/21
868,,Media Content,,,,,,,,,Environment And Sustainability,,10/16/21
869,,Media Content,,,,,,,,,Environment And Sustainability,,10/24/21
870,,Media Content,,,,,,,,,Technology And Education,,10/25/21
871,,Media Content,,,,,,,,,Community And Organization,,11/15/21
872,,Media Content,,,,,,,,,Environment And Sustainability,,11/17/21
873,,Media Content,,,,,,,,,Culture And Arts,,12/3/21
874,,Media Content,,,,,,,,,Culture And Arts,,12/8/21
875,,Media Content,,,,,,,,,Community And Organization,,12/28/21
877,,Media Content,,,,,,,,,Culture And Arts,,12/31/21
878,,Media Content,,,,,,,,,Community And Organization,,1/31/22
879,,Media Content,,,,,,,,,Community And Organization,,2/1/22
880,,Media Content,,,,,,,,,Culture And Arts,,2/8/22
881,,Media Content,,,,,,,,,Technology And Education,,2/13/22
882,,Media Content,,,,,,,,,Environment And Sustainability,,2/21/22
883,,Media Content,,,,,,,,,Culture And Arts,,4/1/22
884,,Media Content,,,,,,,,,Technology And Education,,4/11/22
885,,Media Content,,,,,,,,,Culture And Arts,,4/14/22
886,,Media Content,,,,,,,,,Environment And Sustainability,,4/20/22
887,,Media Content,,,,,,,,,Technology And Education,,5/7/22
888,,Media Content,,,,,,,,,Environment And Sustainability,,4/20/22
889,,Media Content,,,,,,,,,Culture And Arts,,5/14/22
890,,Media Content,,,,,,,,,Environment And Sustainability,,5/22/22
891,,Media Content,,,,,,,,,Environment And Sustainability,,6/15/22
892,,Media Content,,,,,,,,,Environment And Sustainability,,6/15/22
893,,Media Content,,,,,,,,,Technology And Education,,6/16/22
894,,Media Content,,,,,,,,,Culture And Arts,,7/8/22
895,,Media Content,,,,,,,,,Culture And Arts,,7/25/22
896,,Media Content,,,,,,,,,Environment And Sustainability,,7/27/22
897,,Media Content,,,,,,,,,Culture And Arts,,7/28/22
898,,Media Content,,,,,,,,,Technology And Education,,8/13/22
899,,Media Content,,,,,,,,,Culture And Arts,,8/17/22
900,,Media Content,,,,,,,,,Community And Organization,,10/8/22
901,,Media Content,,,,,,,,,Culture And Arts,,10/18/22
902,,Media Content,,,,,,,,,Technology And Education,,11/2/22
903,,Media Content,,,,,,,,,Culture And Arts,,11/1/22
904,,Media Content,,,,,,,,,Environment And Sustainability,,11/11/22
905,,Media Content,,,,,,,,,Community And Organization,,11/24/22
906,,Media Content,,,,,,,,,Community And Organization,,11/27/22
907,,Media Content,,,,,,,,,Community And Organization,,12/3/22
908,,Media Content,,,,,,,,,Environment And Sustainability,,12/13/22
909,,Media Content,,,,,,,,,Community And Organization,,12/27/22
910,,Media Content,,,,,,,,,Technology And Education,,1/3/23
911,,Media Content,,,,,,,,,Environment And Sustainability,,1/5/23
912,,Media Content,,,,,,,,,Culture And Arts,,1/21/23
913,,Media Content,,,,,,,,,Technology And Education,,3/5/23
914,,Media Content,,,,,,,,,Environment And Sustainability,,3/12/23
915,,Media Content,,,,,,,,,Technology And Education,,3/14/23
916,,Media Content,,,,,,,,,Culture And Arts,,3/14/23
917,,Media Content,,,,,,,,,Environment And Sustainability,,3/29/23
918,,Media Content,,,,,,,,,Technology And Education,,4/4/23
919,,Media Content,,,,,,,,,Environment And Sustainability,,4/8/23
920,,Media Content,,,,,,,,,Technology And Education,,4/12/23
921,,Media Content,,,,,,,,,Environment And Sustainability,,4/13/23
922,,Media Content,,,,,,,,,Culture And Arts,,4/20/23
923,,Media Content,,,,,,,,,Lifestyle And Health,,5/4/23
924,,Media Content,,,,,,,,,Technology And Education,,5/24/23
925,,Media Content,,,,,,,,,Technology And Education,,7/19/23
926,,Media Content,,,,,,,,,Technology And Education,,7/23/23
927,,Media Content,,,,,,,,,Culture And Arts,,7/26/23
928,,Media Content,,,,,,,,,Environment And Sustainability,,7/26/23
929,,Media Content,,,,,,,,,Technology And Education,,9/15/23
930,,Media Content,,,,,,,,,Environment And Sustainability,,9/30/23
931,,Media Content,,,,,,,,,Technology And Education,,10/1/23
932,,Media Content,,,,,,,,,Technology And Education,,10/11/23
933,,Media Content,,,,,,,,,Lifestyle And Health,,10/12/23
934,,Media Content,,,,,,,,,Lifestyle And Health,,10/20/23
935,,Media Content,,,,,,,,,Lifestyle And Health,,12/4/23
936,,Media Content,,,,,,,,,Community And Organization,,6/10/21
937,,Media Content,,,,,,,,,Technology And Education,,6/21/21
938,,Media Content,,,,,,,,,Environment And Sustainability,,7/5/21
939,,Media Content,,,,,,,,,Environment And Sustainability,,7/5/21
940,,Media Content,,,,,,,,,Culture And Arts,,7/19/21
941,,Media Content,,,,,,,,,Culture And Arts,,8/2/21
942,,Media Content,,,,,,,,,Technology And Education,,8/16/21
943,,Media Content,,,,,,,,,Environment And Sustainability,,8/30/21
944,,Media Content,,,,,,,,,Culture And Arts,,9/13/21
945,,Media Content,,,,,,,,,Environment And Sustainability,,9/27/21
946,,Media Content,,,,,,,,,Culture And Arts,,10/11/21
947,,Media Content,,,,,,,,,Culture And Arts,,10/25/21
948,,Media Content,,,,,,,,,Community And Organization,,11/8/21
949,,Media Content,,,,,,,,,Lifestyle And Health,,11/22/21
950,,Media Content,,,,,,,,,Culture And Arts,,11/12/21
951,,Media Content,,,,,,,,,Lifestyle And Health,,12/20/21
952,,Media Content,,,,,,,,,Lifestyle And Health,,12/27/21
953,,Media Content,,,,,,,,,Lifestyle And Health,,1/4/22
954,,Media Content,,,,,,,,,Technology And Education,,1/17/22
955,,Media Content,,,,,,,,,Technology And Education,,1/26/22
956,,Media Content,,,,,,,,,Lifestyle And Health,,2/7/22
957,,Media Content,,,,,,,,,Lifestyle And Health,,2/7/22
958,,Media Content,,,,,,,,,Environment And Sustainability,,2/14/22
959,,Media Content,,,,,,,,,Environment And Sustainability,,2/21/22
960,,Media Content,,,,,,,,,Culture And Arts,,3/7/22
961,,Media Content,,,,,,,,,Technology And Education,,3/21/22
962,,Media Content,,,,,,,,,Lifestyle And Health,,3/29/22
963,,Media Content,,,,,,,,,Culture And Arts,,4/6/22
964,,Media Content,,,,,,,,,Lifestyle And Health,,4/19/22
965,,Media Content,,,,,,,,,Technology And Education,,4/29/22
966,,Media Content,,,,,,,,,Culture And Arts,,5/9/22
967,,Media Content,,,,,,,,,Culture And Arts,,5/20/22
968,,Media Content,,,,,,,,,Culture And Arts,,6/1/22
969,,Media Content,,,,,,,,,Lifestyle And Health,,6/13/22
970,,Media Content,,,,,,,,,Lifestyle And Health,,6/21/22
971,,Media Content,,,,,,,,,Culture And Arts,,7/4/22
972,,Media Content,,,,,,,,,Culture And Arts,,7/11/22
973,,Media Content,,,,,,,,,Culture And Arts,,7/18/22
974,,Media Content,,,,,,,,,Culture And Arts,,7/25/22
975,,Media Content,,,,,,,,,Community And Organization,,8/2/22
976,,Media Content,,,,,,,,,Community And Organization,,8/9/22
977,,Media Content,,,,,,,,,Community And Organization,,8/16/22
978,,Media Content,,,,,,,,,Community And Organization,,8/23/22
979,,Media Content,,,,,,,,,Community And Organization,,8/30/22
980,,Media Content,,,,,,,,,Community And Organization,,9/6/22
981,,Media Content,,,,,,,,,Culture And Arts,,9/13/22
982,,Media Content,,,,,,,,,Culture And Arts,,9/27/22
983,,Media Content,,,,,,,,,Culture And Arts,,10/11/22
984,,Media Content,,,,,,,,,Lifestyle And Health,,10/25/22
985,,Media Content,,,,,,,,,Culture And Arts,,11/8/22
986,,Media Content,,,,,,,,,Culture And Arts,,11/22/22
987,,Media Content,,,,,,,,,Culture And Arts,,11/29/22
988,,Media Content,,,,,,,,,Technology And Education,,12/6/22
989,,Media Content,,,,,,,,,Technology And Education,,12/20/22
990,,Media Content,,,,,,,,,Technology And Education,,1/3/23
991,,Media Content,,,,,,,,,Lifestyle And Health,,1/31/23
992,,Media Content,,,,,,,,,Culture And Arts,,2/14/23
993,,Media Content,,,,,,,,,Environment And Sustainability,,2/27/23
994,,Media Content,,,,,,,,,Lifestyle And Health,,3/14/23
995,,Media Content,,,,,,,,,Lifestyle And Health,,3/28/23
996,,Media Content,,,,,,,,,Lifestyle And Health,,4/11/23
997,,Media Content,,,,,,,,,Lifestyle And Health,,4/18/23
998,,Media Content,,,,,,,,,Lifestyle And Health,,5/9/23
999,,Media Content,,,,,,,,,Culture And Arts,,5/23/23
1000,,Media Content,,,,,,,,,Culture And Arts,,6/6/23
1001,,Media Content,,,,,,,,,Culture And Arts,,6/13/23
1002,,Media Content,,,,,,,,,Technology And Education,,6/27/23
1003,,Media Content,,,,,,,,,Culture And Arts,,7/11/23
1004,,Media Content,,,,,,,,,Lifestyle And Health,,7/25/23
1005,,Media Content,,,,,,,,,Environment And Sustainability,,8/8/23
1006,,Media Content,,,,,,,,,Lifestyle And Health,,8/22/23
1007,,Media Content,,,,,,,,,Culture And Arts,,9/3/23
1008,,Media Content,,,,,,,,,Lifestyle And Health,,9/19/23
1009,,Media Content,,,,,,,,,Environment And Sustainability,,9/26/23
1010,,Media Content,,,,,,,,,Lifestyle And Health,,10/10/23
1011,,Media Content,,,,,,,,,Technology And Education,,10/24/23
1012,,Media Content,,,,,,,,,Technology And Education,,11/7/23
1013,,Media Content,,,,,,,,,Lifestyle And Health,,11/21/23
1014,,Media Content,,,,,,,,,Community And Organization,,12/5/23
1015,,Media Content,,,,,,,,,Culture And Arts,,7/24/21
1016,,Media Content,,,,,,,,,Culture And Arts,,9/13/21
1017,,Media Content,,,,,,,,,Culture And Arts,,11/6/21
1018,,Media Content,,,,,,,,,Culture And Arts,,11/18/21
1019,,Media Content,,,,,,,,,Lifestyle And Health,,12/23/21
1020,,Media Content,,,,,,,,,Community And Organization,,9/4/21
1021,,Media Content,,,,,,,,,Community And Organization,,10/2/21
1022,,Media Content,,,,,,,,,Community And Organization,,11/6/21
1023,,Media Content,,,,,,,,,Community And Organization,,12/4/21
1024,,Media Content,,,,,,,,,Community And Organization,,2/5/22
1025,,Media Content,,,,,,,,,Community And Organization,,10/16/21
1026,,Media Content,,,,,,,,,Community And Organization,,3/6/22
1027,,Media Content,,,,,,,,,Environment And Sustainability,,10/23/21
1028,,Media Content,,,,,,,,,Culture And Arts,,7/6/21
1029,,Media Content,,,,,,,,,Culture And Arts,,1/4/21
1030,,Media Content,,,,,,,,,Culture And Arts,,1/4/21
1031,,Media Content,,,,,,,,,Culture And Arts,,3/1/21
1032,,Media Content,,,,,,,,,Environment And Sustainability,,8/15/21
616,,Actors,35-55,Male,No,No,No,Self-employed,No,Undergraduate,,,5/1/21
1130,,Actors,35-55,Male,No,No,No,Employed,No,Graduate,,,5/20/23
193,,Actors,18-35,Male,No,No,No,Self-employed,Yes,Graduate,,,6/1/20
943,,Actors,35-55,Male,Yes,No,No,Employed,No,Undergraduate,,,8/30/21
641,,Actors,35-55,Female,No,No,No,Self-employed,No,Graduate,,,3/6/22
662,,Actors,18-35,Male,No,No,No,Self-employed,Yes,Undergraduate,,,3/2/21
98,,Organization,,,,,,,,,Community And Organization,,9/29/22
99,,Organization,,,,,,,,,Technology And Education,,10/6/23
100,,Organization,,,,,,,,,Technology And Education,,11/1/20
315,,Actors,35-55,Male,No,No,Yes,Freelancer,No,Graduate,,,5/1/20
830,,Actors,18-35,Male,No,No,No,Freelancer,No,Undergraduate,,,7/12/20
363,,Actors,35-55,Male,No,No,No,Self-employed,No,Graduate,,,9/25/23
514,,Actors,18-35,Male,No,No,No,Self-employed,No,Graduate,,,9/2/21
478,,Actors,18-35,Male,No,No,No,Employed,No,Undergraduate,,,7/30/21
829,,Actors,18-35,Male,No,No,No,Freelancer,No,Undergraduate,,,7/10/20
934,,Actors,35-55,Male,No,No,No,Freelancer,No,Graduate,,,10/20/23
108,,Organization,,,,,,,,,Culture And Arts,,9/11/21
109,,Organization,,,,,,,,,Community And Organization,,10/1/22
110,,Organization,,,,,,,,,Technology And Education,,4/10/22
111,,Organization,,,,,,,,,Community And Organization,,9/14/23
1033,,Media Content,,,,,,,,,Community And Organization,,12/3/23
1034,,Short-term Project,,,,,,,,,Community And Organization,,12/3/23
1035,,Media Content,,,,,,,,,Community And Organization,,7/20/23
1036,,Media Content,,,,,,,,,Community And Organization,,11/24/22
1037,,Media Content,,,,,,,,,Community And Organization,,5/30/23
704,,Actors,35-55,Male,No,No,No,Freelancer,Yes,Graduate,,,10/7/20
113,,Organization,,,,,,,,,Technology And Education,,8/27/22
1038,,Event,,,,,,,,,Technology And Education,,4/1/23
114,,Organization,,,,,,,,,Culture And Arts,,9/1/21
750,,Actors,55,Female,No,No,No,Employed,No,Graduate,,,5/17/21
116,,Organization,,,,,,,,,Lifestyle And Health,,11/1/21
1039,,Short-term Project,,,,,,,,,Technology And Education,,10/18/20
1040,,Short-term Project,,,,,,,,,Technology And Education,,3/10/21
1041,,Short-term Project,,,,,,,,,Technology And Education,,7/5/21
1042,,Short-term Project,,,,,,,,,Culture And Arts,,9/3/21
1043,,Short-term Project,,,,,,,,,Culture And Arts,,7/1/21
1044,,Short-term Project,,,,,,,,,Community And Organization,,7/30/21
1045,,Short-term Project,,,,,,,,,Community And Organization,,3/1/22
1046,,Short-term Project,,,,,,,,,Environment And Sustainability,,8/1/21
1047,,Short-term Project,,,,,,,,,Community And Organization,,7/1/21
1048,,Short-term Project,,,,,,,,,Technology And Education,,2/17/22
1049,,Short-term Project,,,,,,,,,Environment And Sustainability,,8/10/21
1050,,Short-term Project,,,,,,,,,Technology And Education,,12/8/21
1051,,Short-term Project,,,,,,,,,Technology And Education,,7/5/22
1052,,Short-term Project,,,,,,,,,Technology And Education,,7/5/22
117,,Organization,,,,,,,,,Technology And Education,,11/2/22
118,,Organization,,,,,,,,,Lifestyle And Health,,5/1/20
119,,Organization,,,,,,,,,Culture And Arts,,2/4/23
120,,Organization,,,,,,,,,Community And Organization,,7/2/23
656,,Actors,18-35,Female,No,No,No,Freelancer,No,Undergraduate,,,7/1/20
122,,Organization,,,,,,,,,Culture And Arts,,7/1/21
123,,Organization,,,,,,,,,Community And Organization,,2/13/23
887,,Actors,18-35,Female,No,No,No,Freelancer,No,Graduate,,,5/7/22
125,,Organization,,,,,,,,,Community And Organization,,8/19/22
240,,Actors,35-55,Female,Yes,Yes,No,Employed,No,Graduate,,,11/1/20
1053,,Event,,,,,,,,,Culture And Arts,,4/24/23
1054,,Media Content,,,,,,,,,Culture And Arts,,8/11/22
218,,Actors,35-55,Male,Yes,Yes,No,Employed,Yes,Graduate,,,7/30/21
686,,Actors,35-55,Male,No,No,No,Freelancer,No,Undergraduate,,,6/24/23
129,,Organization,,,,,,,,,Culture And Arts,,11/30/20
130,,Organization,,,,,,,,,Technology And Education,,8/19/22
285,,Actors,18-35,Male,No,No,No,Freelancer,Yes,Undergraduate,,,12/1/20
801,,Actors,18-35,Female,No,No,No,Freelancer,No,Undergraduate,,,6/25/22
133,,Organization,,,,,,,,,Environment And Sustainability,,11/1/20
134,,Organization,,,,,,,,,Lifestyle And Health,,7/17/20
513,,Actors,18-35,Male,No,No,No,Employed,No,Undergraduate,,,5/26/21
52,,Actors,35-55,Male,No,No,No,Self-employed,No,Undergraduate,,,7/31/20
1055,,Event,,,,,,,,,Technology And Education,,6/3/23
1056,,Event,,,,,,,,,Technology And Education,,9/10/23
1057,,Event,,,,,,,,,Environment And Sustainability,,11/28/23
798,,Actors,18-35,Female,No,No,No,Self-employed,No,Highschool,,,2/26/22
1058,,Event,,,,,,,,,Technology And Education,,11/23/23
323,,Actors,18-35,Male,No,No,Yes,Freelancer,No,Graduate,,,9/1/20
10,,Actors,18-35,Male,No,No,No,Freelancer,No,Graduate,,,11/28/23
583,,Actors,18-35,Female,No,No,No,Self-employed,No,Undergraduate,,,5/1/21
572,,Actors,18-35,Male,Yes,No,No,Employed,No,Graduate,,,9/19/20
142,,Organization,,,,,,,,,Community And Organization,,8/19/22
143,,Organization,,,,,,,,,Technology And Education,,12/1/20
1126,,Actors,35-55,Male,No,No,No,Employed,No,Graduate,,,10/6/22
1129,,Actors,35-55,Male,No,No,No,Employed,No,Graduate,,,5/20/23
488,,Actors,35-55,Female,No,No,No,Employed,No,Undergraduate,,,1/15/21
1059,,Event,,,,,,,,,Technology And Education,,8/17/22
506,,Actors,35-55,Male,Yes,No,No,Employed,No,Undergraduate,,,9/20/22
1060,,Short-term Project,,,,,,,,,Technology And Education,,9/13/22
1061,,Short-term Project,,,,,,,,,Technology And Education,,9/25/23
1062,,Event,,,,,,,,,Technology And Education,,9/25/23
1063,,Event,,,,,,,,,Environment And Sustainability,,9/25/23
1064,,Event,,,,,,,,,Technology And Education,,9/25/23
1065,,Event,,,,,,,,,Technology And Education,,9/25/23
1066,,Event,,,,,,,,,Technology And Education,,9/25/23
1067,,Event,,,,,,,,,Culture And Arts,,9/25/23
1068,,Event,,,,,,,,,Environment And Sustainability,,9/25/23
1069,,Event,,,,,,,,,Culture And Arts,,9/25/23
1070,,Event,,,,,,,,,Lifestyle And Health,,9/28/23
148,,Organization,,,,,,,,,Lifestyle And Health,,5/1/20
149,,Organization,,,,,,,,,Technology And Education,,4/11/23
728,,Actors,35-55,Male,No,No,No,Employed,No,Graduate,,,1/23/21
800,,Actors,18-35,Male,No,No,No,Employed,No,Graduate,,,4/20/22
792,,Actors,18-35,Female,No,No,No,Employed,No,Undergraduate,,,12/23/21
648,,Actors,18-35,Male,No,No,No,Employed,No,Undergraduate,,,9/1/21
544,,Actors,18-35,Male,No,No,No,Employed,No,Graduate,,,4/24/23
754,,Actors,35-55,Male,No,No,No,Self-employed,No,Undergraduate,,,6/2/21
932,,Actors,18-35,Male,No,No,No,Employed,No,Graduate,,,10/11/23
174,,Actors,18-35,Male,No,No,Yes,Freelancer,No,Undergraduate,,,5/17/21
158,,Organization,,,,,,,,,Culture And Arts,,2/7/22
159,,Organization,,,,,,,,,Culture And Arts,,7/1/21
928,,Actors,18-35,Male,No,No,No,Freelancer,No,Undergraduate,,,7/26/23
500,,Actors,18-35,Male,No,No,No,Freelancer,No,Graduate,,,8/15/21
162,,Organization,,,,,,,,,Lifestyle And Health,,9/3/21
43,,Actors,35-55,Female,No,No,No,Self-employed,No,Undergraduate,,,2/1/22
219,,Actors,35-55,Male,No,No,No,Employed,No,Undergraduate,,,10/10/20
593,,Actors,18-35,Female,No,No,Yes,Freelancer,No,Undergraduate,,,4/11/23
376,,Actors,18-35,Female,No,No,Yes,Freelancer,No,Undergraduate,,,9/1/20
167,,Organization,,,,,,,,,Environment And Sustainability,,8/20/21
168,,Organization,,,,,,,,,Culture And Arts,,5/1/21
712,,Actors,35-55,Male,No,No,No,Employed,No,Undergraduate,,,11/23/20
170,,Organization,,,,,,,,,Culture And Arts,,6/17/23
586,,Actors,35-55,Female,No,No,No,Employed,No,Undergraduate,,,9/21/23
172,,Organization,,,,,,,,,Environment And Sustainability,,11/1/21
587,,Actors,35-55,Male,No,No,No,Employed,No,Undergraduate,,,1/30/21
174,,Organization,,,,,,,,,Community And Organization,,5/17/21
551,,Actors,35-55,Female,No,No,No,Employed,No,Undergraduate,,,9/25/23
432,,Actors,35-55,Female,Yes,No,No,Employed,No,Undergraduate,,,3/3/22
130,,Actors,35-55,Male,No,No,No,Employed,No,Graduate,,,8/19/22
178,,Organization,,,,,,,,,Technology And Education,,7/1/23
1071,,Media Content,,,,,,,,,Culture And Arts,,2/1/23
179,,Organization,,,,,,,,,Community And Organization,,8/20/21
180,,Organization,,,,,,,,,Culture And Arts,,7/1/21
1072,,Event,,,,,,,,,Technology And Education,,9/19/23
181,,Organization,,,,,,,,,Lifestyle And Health,,10/1/20
182,,Organization,,,,,,,,,Environment And Sustainability,,9/4/21
183,,Organization,,,,,,,,,Culture And Arts,,10/15/21
1073,,Event,,,,,,,,,Culture And Arts,,6/8/23
542,,Actors,35-55,Female,No,No,No,Employed,No,Undergraduate,,,5/1/21
389,,Actors,18-35,Female,No,No,No,Employed,No,Undergraduate,,,12/11/22
187,,Organization,,,,,,,,,Technology And Education,,3/26/23
188,,Organization,,,,,,,,,Technology And Education,,11/23/23
1074,,Short-term Project,,,,,,,,,Community And Organization,,9/29/22
732,,Actors,18-35,Male,No,No,Yes,Freelancer,No,Graduate,,,2/18/21
935,,Actors,18-35,Male,No,No,No,Freelancer,No,Undergraduate,,,12/4/23
679,,Actors,35-55,Male,Yes,No,No,Self-employed,No,Undergraduate,,,10/1/20
392,,Actors,35-55,Male,No,No,No,Employed,No,Graduate,,,7/30/21
384,,Actors,35-55,Female,No,No,No,Employed,No,Undergraduate,,,8/1/21
614,,Actors,18-35,Male,No,No,No,Employed,No,Undergraduate,,,7/2/23
195,,Organization,,,,,,,,,Community And Organization,,9/2/21
196,,Organization,,,,,,,,,Environment And Sustainability,,5/25/21
197,,Organization,,,,,,,,,Culture And Arts,,8/15/21
175,,Actors,18-35,Male,No,No,Yes,Freelancer,No,Undergraduate,,,7/1/20
381,,Actors,18-35,Male,No,No,Yes,Freelancer,No,Graduate,,,11/1/20
604,,Actors,35-55,Female,No,No,No,Employed,No,Graduate,,,8/12/21
390,,Actors,18-35,Male,No,No,Yes,Freelancer,No,Graduate,,,9/20/23
553,,Actors,18-35,Male,No,No,Yes,Freelancer,No,Graduate,,,5/1/21
203,,Organization,,,,,,,,,Culture And Arts,,7/2/23
554,,Actors,35-55,Female,No,No,No,Self-employed,No,Graduate,,,9/1/20
852,,Actors,18-35,Female,No,No,Yes,Freelancer,No,Undergraduate,,,7/1/21
220,,Actors,18-35,Male,No,No,Yes,Freelancer,No,Undergraduate,,,3/2/21
566,,Actors,18-35,Female,No,No,No,Freelancer,No,Undergraduate,,,10/17/22
909,,Actors,35-55,Male,Yes,No,No,Freelancer,No,Undergraduate,,,12/27/22
269,,Actors,18-35,Male,No,No,No,Freelancer,No,Graduate,,,8/17/20
176,,Actors,18-35,Male,No,No,Yes,Freelancer,No,Undergraduate,,,3/1/22
615,,Actors,35-55,Female,No,No,No,Employed,No,Graduate,,,8/15/21
221,,Actors,18-35,Male,No,No,Yes,Freelancer,No,Undergraduate,,,12/1/21
1131,,Actors,35-55,Male,Yes,Yes,No,Employed,No,Graduate,,,11/19/20
718,,Actors,35-55,Female,No,No,No,Employed,No,Graduate,,,8/11/20
1075,,Event,,,,,,,,,Technology And Education,,12/3/23
171,,Actors,35-55,Female,Yes,Yes,No,Employed,No,Undergraduate,,,1/3/21
890,,Actors,18-35,Male,No,No,No,Employed,No,Undergraduate,,,5/22/22
217,,Organization,,,,,,,,,Environment And Sustainability,,9/26/21
218,,Organization,,,,,,,,,Community And Organization,,7/30/21
219,,Organization,,,,,,,,,Environment And Sustainability,,5/1/20
222,,Actors,35-55,Male,No,No,No,Employed,No,Undergraduate,,,3/2/21
533,,Actors,35-55,Male,No,No,No,Freelancer,No,Graduate,,,8/1/21
264,,Actors,18-35,Male,No,No,Yes,Freelancer,No,Graduate,,,11/5/22
223,,Organization,,,,,,,,,Technology And Education,,7/23/22
224,,Organization,,,,,,,,,Culture And Arts,,6/15/23
1076,,Event,,,,,,,,,Culture And Arts,,6/25/23
1059,,Actors,18-35,Female,No,No,No,Employed,No,Graduate,,,8/17/22
169,,Actors,35-55,Female,Yes,Yes,No,Self-employed,No,Graduate,,,8/14/20
1093,,Actors,35-55,Female,No,No,No,Employed,No,Graduate,,,12/9/23
677,,Actors,18-35,Female,No,No,No,Self-employed,No,Graduate,,,7/4/21
702,,Actors,18-35,Male,No,No,No,Employed,No,Graduate,,,9/26/20
749,,Actors,18-35,Male,Yes,No,No,Employed,No,Graduate,,,5/5/21
391,,Actors,18-35,Male,No,No,Yes,Self-employed,No,Graduate,,,6/13/21
213,,Actors,35-55,Female,Yes,No,No,Employed,No,Graduate,,,11/28/23
233,,Organization,,,,,,,,,Community And Organization,,4/22/21
234,,Organization,,,,,,,,,Community And Organization,,5/1/20
314,,Actors,18-35,Male,No,No,No,Employed,No,Graduate,,,1/1/21
447,,Actors,35-55,Male,No,No,No,Employed,No,Undergraduate,,,11/5/22
237,,Organization,,,,,,,,,Community And Organization,,7/30/21
331,,Actors,35-55,Female,Yes,Yes,No,Employed,No,Undergraduate,,,1/1/21
177,,Actors,18-35,Male,No,No,No,Employed,No,Undergraduate,,,5/1/21
241,,Organization,,,,,,,,,Technology And Education,,6/10/23
242,,Organization,,,,,,,,,Community And Organization,,9/4/21
1077,,Event,,,,,,,,,Technology And Education,,6/23/23
491,,Actors,35-55,Male,No,No,No,Freelancer,No,Graduate,,,12/3/23
244,,Organization,,,,,,,,,Environment And Sustainability,,7/24/21
675,,Actors,35-55,Female,No,No,No,Self-employed,No,Undergraduate,,,10/25/20
485,,Actors,18-35,Female,No,No,No,Employed,No,Undergraduate,,,5/3/21
822,,Actors,18-35,Male,No,No,No,Freelancer,No,Graduate,,,11/6/22
249,,Actors,35-55,Female,No,No,No,Self-employed,No,Undergraduate,,,7/19/21
1078,,Event,,,,,,,,,Lifestyle And Health,,7/29/23
1079,,Short-term Project,,,,,,,,,Technology And Education,,5/19/23
249,,Organization,,,,,,,,,Environment And Sustainability,,7/19/21
250,,Organization,,,,,,,,,Technology And Education,,1/1/22
251,,Organization,,,,,,,,,Culture And Arts,,10/17/22
252,,Organization,,,,,,,,,Technology And Education,,12/16/20
253,,Organization,,,,,,,,,Technology And Education,,5/28/21
254,,Organization,,,,,,,,,Technology And Education,,9/15/20
407,,Actors,18-35,Male,No,No,No,Employed,No,Graduate,,,7/4/21
256,,Organization,,,,,,,,,Technology And Education,,9/1/20
567,,Actors,35-55,Female,No,No,No,Self-employed,No,Undergraduate,,,1/31/23
634,,Actors,18-35,Male,No,No,Yes,Freelancer,No,Undergraduate,,,6/10/23
250,,Actors,35-55,Male,Yes,No,No,Employed,No,Graduate,,,1/1/22
731,,Actors,18-35,Female,No,No,No,Freelancer,No,Undergraduate,,,2/17/21
196,,Actors,18-35,Female,No,No,No,Employed,No,Undergraduate,,,9/13/21
245,,Actors,35-55,Male,Yes,No,No,Employed,No,Undergraduate,,,9/1/20
503,,Actors,35-55,Female,No,No,No,Self-employed,No,Undergraduate,,,7/1/21
881,,Actors,35-55,Female,Yes,No,No,Employed,No,Graduate,,,2/13/22
734,,Actors,18-35,Female,No,No,No,Employed,No,Undergraduate,,,3/7/21
761,,Actors,18-35,Male,No,No,No,Employed,No,Graduate,,,7/17/21
907,,Actors,18-35,Male,No,No,No,Freelancer,No,Undergraduate,,,12/3/22
1057,,Actors,18-35,Male,No,No,No,Freelancer,No,Undergraduate,,,11/28/23
269,,Organization,,,,,,,,,Technology And Education,,8/17/20
535,,Actors,18-35,Male,No,No,No,Employed,No,Graduate,,,11/1/20
809,,Actors,35-55,Male,No,No,No,Employed,No,Undergraduate,,,5/6/20
272,,Organization,,,,,,,,,Technology And Education,,6/25/21
273,,Organization,,,,,,,,,Environment And Sustainability,,12/8/20
274,,Actors,35-55,Male,No,No,No,Self-employed,No,Undergraduate,,,3/1/21
275,,Organization,,,,,,,,,Environment And Sustainability,,9/15/20
276,,Organization,,,,,,,,,Community And Organization,,5/1/21
277,,Organization,,,,,,,,,Environment And Sustainability,,5/1/21
515,,Actors,18-35,Male,No,No,No,Freelancer,No,Undergraduate,,,7/1/20
867,,Actors,35-55,Female,No,No,No,Self-employed,No,Graduate,,,10/13/21
843,,Actors,35-55,Male,No,No,No,Employed,No,Undergraduate,,,5/13/21
393,,Actors,18-35,Male,No,No,No,Self-employed,No,Graduate,,,12/20/21
1080,,Event,,,,,,,,,Culture And Arts,,12/24/22
1081,,Media Content,,,,,,,,,Technology And Education,,10/9/22
282,,Organization,,,,,,,,,Environment And Sustainability,,5/1/20
493,,Actors,18-35,Male,No,No,No,Employed,No,Undergraduate,,,6/1/22
1082,,Short-term Project,,,,,,,,,Community And Organization,,9/18/22
284,,Organization,,,,,,,,,Culture And Arts,,10/9/22
285,,Organization,,,,,,,,,Culture And Arts,,12/1/20
286,,Organization,,,,,,,,,Culture And Arts,,9/22/21
1083,,Event,,,,,,,,,Community And Organization,,9/22/21
622,,Actors,18-35,Male,No,No,No,Employed,No,Graduate,,,1/3/22
288,,Organization,,,,,,,,,Environment And Sustainability,,5/23/20
591,,Actors,18-35,Female,No,No,No,Self-employed,No,Undergraduate,,,9/25/23
290,,Organization,,,,,,,,,Culture And Arts,,7/30/21
291,,Organization,,,,,,,,,Lifestyle And Health,,8/28/21
48,,Actors,35-55,Male,Yes,No,No,Employed,No,Graduate,,,1/15/22
296,,Actors,35-55,Female,No,No,No,Freelancer,No,Graduate,,,8/17/22
294,,Organization,,,,,,,,,Culture And Arts,,8/1/22
906,,Actors,18-35,Male,No,No,No,Self-employed,No,Undergraduate,,,11/27/22
905,,Actors,18-35,Female,No,No,Yes,Freelancer,No,Undergraduate,,,11/24/22
528,,Actors,35-55,Female,No,No,No,Freelancer,No,Undergraduate,,,11/1/21
433,,Actors,35-55,Male,No,No,No,Self-employed,No,Undergraduate,,,5/15/21
300,,Organization,,,,,,,,,Community And Organization,,7/1/20
301,,Organization,,,,,,,,,Technology And Education,,6/1/20
1084,,Event,,,,,,,,,Culture And Arts,,8/1/21
302,,Organization,,,,,,,,,Technology And Education,,9/6/21
303,,Organization,,,,,,,,,Culture And Arts,,5/1/20
304,,Organization,,,,,,,,,Technology And Education,,2/1/21
1085,,Event,,,,,,,,,Community And Organization,,7/29/23
1086,,Event,,,,,,,,,Culture And Arts,,9/1/20
835,,Actors,18-35,Female,No,No,Yes,Freelancer,No,Graduate,,,12/23/20
866,,Actors,35-55,Male,No,No,No,Freelancer,No,Undergraduate,,,10/1/21
307,,Organization,,,,,,,,,Community And Organization,,7/2/23
541,,Actors,35-55,Male,No,No,No,Freelancer,No,Undergraduate,,,9/1/21
726,,Actors,18-35,Female,No,No,Yes,Self-employed,No,Graduate,,,1/17/21
178,,Actors,18-35,Male,No,No,No,Freelancer,No,Undergraduate,,,7/1/23
311,,Actors,18-35,Male,No,No,Yes,Freelancer,No,Undergraduate,,,3/1/21
720,,Actors,35-55,Male,No,No,No,Freelancer,No,Undergraduate,,,12/18/20
772,,Actors,18-35,Male,Yes,No,No,Self-employed,No,Undergraduate,,,10/15/21
582,,Actors,18-35,Male,No,No,Yes,Freelancer,No,Undergraduate,,,10/1/20
315,,Organization,,,,,,,,,Technology And Education,,5/1/20
316,,Organization,,,,,,,,,Environment And Sustainability,,8/24/21
317,,Organization,,,,,,,,,Lifestyle And Health,,7/1/23
1137,,Actors,35-55,Female,No,No,No,Employed,No,Graduate,,,12/3/23
522,,Actors,35-55,Male,No,No,No,Freelancer,No,Undergraduate,,,8/27/20
605,,Actors,35-55,Male,No,No,No,Employed,No,Undergraduate,,,10/10/20
490,,Actors,35-55,Female,Yes,No,No,Self-employed,No,Graduate,,,9/1/20
810,,Actors,35-55,Male,No,No,No,Employed,No,Graduate,,,9/3/20
645,,Actors,18-35,Male,No,No,Yes,Freelancer,No,Graduate,,,8/27/20
7,,Actors,35-55,Male,No,No,No,Freelancer,No,Undergraduate,,,11/28/23
1087,,Event,,,,,,,,,Lifestyle And Health,,11/26/22
873,,Actors,18-35,Female,No,No,No,Employed,No,Undergraduate,,,12/3/21
195,,Actors,18-35,Male,No,No,Yes,Freelancer,No,Graduate,,,1/17/22
1094,,Actors,18-35,Female,No,No,Yes,Freelancer,No,Undergraduate,,,9/8/23
933,,Actors,35-55,Female,No,No,No,Freelancer,No,Undergraduate,,,10/12/23
642,,Actors,18-35,Male,No,No,No,Freelancer,No,Undergraduate,,,6/1/20
440,,Actors,18-35,Male,No,No,Yes,Freelancer,No,Graduate,,,10/1/21
456,,Actors,0-18,Female,No,No,Yes,Freelancer,No,Highschool,,,5/1/21
468,,Actors,18-35,Male,No,No,Yes,Freelancer,No,Graduate,,,5/1/20
341,,Actors,18-35,Female,No,No,Yes,Freelancer,No,Undergraduate,,,5/25/21
443,,Actors,18-35,Female,No,No,No,Self-employed,No,Graduate,,,9/1/20
847,,Actors,18-35,Female,No,No,Yes,Freelancer,No,Undergraduate,,,5/16/21
418,,Actors,18-35,Female,No,No,Yes,Freelancer,Yes,Graduate,,,7/2/23
477,,Actors,18-35,Male,No,No,No,Employed,No,Undergraduate,,,3/1/22
1079,,Actors,18-35,Male,No,No,No,Employed,No,Graduate,,,5/19/23
288,,Actors,18-35,Female,No,No,No,Freelancer,No,Graduate,,,5/1/22
791,,Actors,18-35,Male,No,No,Yes,Freelancer,No,Graduate,,,12/16/21
236,,Actors,18-35,Male,No,No,Yes,Freelancer,No,Graduate,,,1/1/21
343,,Organization,,,,,,,,,Technology And Education,,7/1/21
1088,,Event,,,,,,,,,Technology And Education,,3/5/23
632,,Actors,18-35,Female,No,No,No,Freelancer,No,Undergraduate,,,7/1/21
665,,Actors,35-55,Female,No,No,No,Self-employed,No,Undergraduate,,,8/1/21
540,,Actors,35-55,Male,No,No,No,Self-employed,No,Graduate,,,9/1/20
179,,Actors,35-55,Male,No,No,No,Freelancer,No,Undergraduate,,,9/6/21
348,,Organization,,,,,,,,,Lifestyle And Health,,11/1/20
757,,Actors,35-55,Male,No,No,No,Freelancer,No,Graduate,,,6/20/21
1089,,Event,,,,,,,,,Technology And Education,,8/5/23
350,,Organization,,,,,,,,,Environment And Sustainability,,10/11/22
351,,Organization,,,,,,,,,Environment And Sustainability,,9/1/20
737,,Actors,18-35,Male,Yes,No,No,Employed,No,Graduate,,,3/21/21
601,,Actors,35-55,Male,No,No,No,Freelancer,No,Undergraduate,,,7/1/23
1090,,Event,,,,,,,,,Environment And Sustainability,,11/19/23
364,,Actors,18-35,Male,No,No,No,Freelancer,No,Graduate,,,9/1/21
968,,Actors,35-55,Male,Yes,Yes,No,Employed,No,Graduate,,,6/1/22
347,,Actors,35-55,Male,No,No,No,Freelancer,No,Undergraduate,,,9/28/21
462,,Actors,35-55,Male,No,No,No,Freelancer,No,Undergraduate,,,3/1/22
358,,Organization,,,,,,,,,Community And Organization,,3/1/22
359,,Organization,,,,,,,,,Environment And Sustainability,,12/17/20
1025,,Actors,35-55,Female,Yes,Yes,No,Employed,No,Undergraduate,,,10/16/21
778,,Actors,35-55,Female,No,No,No,Employed,No,Undergraduate,,,10/28/21
1098,,Actors,35-55,Female,No,No,No,Employed,No,Graduate,,,3/18/23
363,,Organization,,,,,,,,,Technology And Education,,9/25/23
742,,Actors,18-35,Male,No,No,Yes,Freelancer,Yes,Graduate,,,4/10/21
562,,Actors,35-55,Female,No,No,No,Employed,No,Graduate,,,1/28/21
246,,Actors,35-55,Female,Yes,No,No,Employed,No,Graduate,,,7/1/20
525,,Actors,35-55,Female,No,No,No,Self-employed,No,Undergraduate,,,5/1/21
965,,Actors,35-55,Female,No,No,No,Freelancer,No,Undergraduate,,,4/29/22
437,,Actors,18-35,Female,No,No,No,Self-employed,No,Graduate,,,10/1/21
859,,Actors,18-35,Female,No,No,No,Self-employed,No,Graduate,,,8/15/21
223,,Actors,18-35,Male,No,No,Yes,Freelancer,No,Undergraduate,,,7/23/22
35,,Actors,35-55,Female,Yes,No,No,Employed,No,Graduate,,,11/1/22
224,,Actors,18-35,Female,No,No,Yes,Freelancer,No,Graduate,,,6/15/23
465,,Actors,18-35,Female,No,No,No,Freelancer,No,Graduate,,,5/1/20
416,,Actors,18-35,Female,No,No,Yes,Freelancer,No,Graduate,,,8/1/21
1091,,Event,,,,,,,,,Environment And Sustainability,,5/9/23
1092,,Event,,,,,,,,,Environment And Sustainability,,10/24/22
201,,Actors,18-35,Female,No,No,Yes,Freelancer,Yes,Graduate,,,9/1/20
377,,Organization,,,,,,,,,Technology And Education,,5/1/20
838,,Actors,18-35,Male,No,No,No,Freelancer,No,Undergraduate,,,3/1/21
242,,Actors,35-55,Male,No,No,No,Employed,No,Graduate,,,9/4/21
338,,Actors,18-35,Male,No,No,Yes,Freelancer,Yes,Undergraduate,,,7/1/20
681,,Actors,18-35,Female,No,No,Yes,Freelancer,No,Undergraduate,,,8/19/22
756,,Actors,18-35,Male,No,No,No,Employed,No,Graduate,,,6/12/21
597,,Actors,35-55,Male,Yes,Yes,No,Employed,No,Graduate,,,4/24/23
385,,Organization,,,,,,,,,Lifestyle And Health,,5/3/21
547,,Actors,35-55,Male,Yes,Yes,No,Self-employed,No,Graduate,,,3/1/21
387,,Organization,,,,,,,,,Culture And Arts,,7/26/23
1093,,Event,,,,,,,,,Lifestyle And Health,,12/9/23
435,,Actors,18-35,Female,No,No,Yes,Freelancer,No,Graduate,,,5/1/21
787,,Actors,35-55,Female,No,No,No,Self-employed,Yes,Undergraduate,,,11/20/21
1094,,Media Content,,,,,,,,,Community And Organization,,9/8/23
1095,,Media Content,,,,,,,,,Environment And Sustainability,,12/14/22
1090,,Actors,18-35,Male,No,No,No,Freelancer,No,Undergraduate,,,11/19/23
1096,,Event,,,,,,,,,Culture And Arts,,10/13/22
1097,,Event,,,,,,,,,Environment And Sustainability,,12/31/22
558,,Actors,35-55,Male,No,No,No,Self-employed,No,Undergraduate,,,8/1/20
187,,Actors,18-35,Female,No,No,Yes,Employed,No,Undergraduate,,,3/26/23
393,,Organization,,,,,,,,,Environment And Sustainability,,12/20/21
775,,Actors,35-55,Male,Yes,Yes,No,Self-employed,No,Graduate,,,10/16/21
38,,Actors,35-55,Male,Yes,Yes,No,Employed,No,Graduate,,,8/1/21
396,,Organization,,,,,,,,,Community And Organization,,9/29/21
397,,Organization,,,,,,,,,Lifestyle And Health,,11/20/22
398,,Organization,,,,,,,,,Technology And Education,,11/21/22
399,,Organization,,,,,,,,,Technology And Education,,6/17/23
851,,Actors,35-55,Female,Yes,No,No,Self-employed,No,Undergraduate,,,6/30/21
966,,Actors,18-35,Male,No,No,No,Employed,No,Undergraduate,,,5/9/22
1133,,Actors,18-35,Male,No,No,No,Employed,No,Graduate,,,5/17/20
574,,Actors,18-35,Male,No,No,Yes,Freelancer,No,Undergraduate,,,10/24/22
351,,Actors,35-55,Male,Yes,No,No,Employed,Yes,Undergraduate,,,9/1/20
405,,Organization,,,,,,,,,Environment And Sustainability,,10/1/20
782,,Actors,35-55,Male,No,No,No,Employed,No,Undergraduate,,,11/11/21
407,,Organization,,,,,,,,,Technology And Education,,3/11/23
1098,,Event,,,,,,,,,Culture And Arts,,3/18/23
1099,,Event,,,,,,,,,Culture And Arts,,6/3/23
1100,,Event,,,,,,,,,Culture And Arts,,5/13/23
1101,,Event,,,,,,,,,Culture And Arts,,6/24/23
408,,Organization,,,,,,,,,Technology And Education,,7/11/21
409,,Organization,,,,,,,,,Technology And Education,,1/15/21
410,,Event,,,,,,,,,Technology And Education,,6/10/23
411,,Organization,,,,,,,,,Environment And Sustainability,,3/2/21
199,,Actors,35-55,Male,No,No,No,Employed,No,Graduate,,,8/1/20
1026,,Actors,35-55,Female,No,No,No,Employed,No,Undergraduate,,,3/6/22
414,,Organization,,,,,,,,,Technology And Education,,9/25/23
885,,Actors,35-55,Male,No,No,No,Employed,No,Undergraduate,,,4/14/22
626,,Actors,35-55,Female,No,No,No,Self-employed,No,Undergraduate,,,5/18/23
1017,,Actors,18-35,Female,No,No,No,Employed,No,Undergraduate,,,11/6/21
854,,Actors,18-35,Female,No,No,No,Employed,No,Undergraduate,,,7/16/21
348,,Actors,18-35,Male,No,No,Yes,Freelancer,Yes,Graduate,,,11/1/20
1055,,Actors,35-55,Female,No,No,No,Employed,No,Graduate,,,6/3/23
612,,Actors,35-55,Male,No,No,No,Employed,No,Graduate,,,7/30/21
243,,Actors,18-35,Male,No,No,Yes,Freelancer,No,Undergraduate,,,7/1/20
424,,Organization,,,,,,,,,Technology And Education,,6/25/22
709,,Actors,35-55,Male,No,No,No,Self-employed,No,Undergraduate,,,11/7/20
592,,Actors,35-55,Male,No,No,No,Employed,No,Graduate,,,11/1/20
599,,Actors,35-55,Female,No,No,No,Freelancer,No,Graduate,,,9/25/23
428,,Organization,,,,,,,,,Technology And Education,,9/25/23
429,,Organization,,,,,,,,,Technology And Education,,9/25/23
430,,Organization,,,,,,,,,Environment And Sustainability,,5/13/21
724,,Actors,35-55,Male,No,No,No,Freelancer,No,Undergraduate,,,1/15/21
432,,Organization,,,,,,,,,Environment And Sustainability,,7/12/21
410,,Actors,18-35,Female,No,No,Yes,Freelancer,No,Undergraduate,,,6/10/23
877,,Actors,35-55,Male,No,No,No,Employed,No,Graduate,,,12/31/21
371,,Actors,35-55,Male,No,No,No,Employed,Yes,Graduate,,,3/2/21
576,,Actors,18-35,Female,No,No,No,Freelancer,No,Undergraduate,,,10/24/22
710,,Actors,35-55,Male,Yes,No,No,Employed,No,Undergraduate,,,11/21/20
438,,Organization,,,,,,,,,Environment And Sustainability,,9/19/20
812,,Actors,18-35,Female,No,No,No,Freelancer,No,Graduate,,,5/1/21
714,,Actors,35-55,Male,No,No,No,Freelancer,No,Graduate,,,11/29/20
362,,Actors,18-35,Male,No,No,No,Freelancer,No,Graduate,,,9/25/23
777,,Actors,18-35,Female,No,No,No,Freelancer,No,Undergraduate,,,10/21/21
497,,Actors,35-55,Female,No,No,No,Freelancer,No,Undergraduate,,,10/7/20
653,,Actors,18-35,Male,No,No,No,Employed,Yes,Undergraduate,,,9/18/22
445,,Organization,,,,,,,,,Culture And Arts,,11/27/21
446,,Organization,,,,,,,,,Culture And Arts,,3/14/23
969,,Actors,35-55,Male,No,No,No,Employed,No,Graduate,,,6/13/22
1054,,Actors,18-35,Female,No,No,Yes,Freelancer,Yes,Undergraduate,,,8/11/22
855,,Actors,18-35,Male,No,No,Yes,Freelancer,Yes,Undergraduate,,,7/26/21
1102,,Event,,,,,,,,,Lifestyle And Health,,3/3/23
369,,Actors,18-35,Male,No,No,Yes,Freelancer,No,Undergraduate,,,11/1/20
116,,Actors,18-35,Female,No,No,No,Self-employed,No,Graduate,,,11/1/21
272,,Actors,18-35,Male,No,No,Yes,Freelancer,No,Graduate,,,9/2/21
319,,Actors,35-55,Male,Yes,Yes,No,Employed,Yes,Undergraduate,,,8/1/21
225,,Actors,35-55,Female,Yes,No,No,Employed,No,Undergraduate,,,7/1/23
1135,,Actors,18-35,Female,Yes,Yes,No,Employed,No,Graduate,,,4/28/21
283,,Actors,18-35,Male,No,No,Yes,Freelancer,No,Graduate,,,5/1/22
823,,Actors,18-35,Male,No,No,Yes,Freelancer,No,Graduate,,,11/6/22
770,,Actors,35-55,Male,No,No,No,Employed,No,Undergraduate,,,10/5/21
459,,Organization,,,,,,,,,Technology And Education,,3/5/22
480,,Actors,18-35,Male,No,No,No,Employed,No,Graduate,,,2/5/22
450,,Actors,35-55,Male,No,No,No,Employed,Yes,Graduate,,,5/1/21
65,,Actors,55,Male,Yes,No,No,Freelancer,No,Highschool,,,7/1/21
141,,Actors,35-55,Male,Yes,No,No,Employed,No,Undergraduate,,,9/1/20
663,,Actors,35-55,Male,Yes,No,No,Employed,No,Undergraduate,,,5/1/21
14,,Actors,35-55,Male,Yes,No,No,Employed,No,Graduate,,,6/1/20
12,,Actors,35-55,Male,No,No,No,Employed,No,Graduate,,,1/4/21
13,,Actors,35-55,Male,No,No,No,Employed,No,Graduate,,,11/5/22
11,,Actors,35-55,Male,No,No,No,Employed,No,Graduate,,,10/1/20
633,,Actors,18-35,Male,No,No,Yes,Freelancer,No,Undergraduate,,,6/15/23
312,,Actors,18-35,Male,No,No,Yes,Self-employed,Yes,Undergraduate,,,5/16/21
598,,Actors,35-55,Female,No,No,No,Self-employed,No,Graduate,,,8/20/21
660,,Actors,18-35,Male,No,No,No,Freelancer,No,Undergraduate,,,10/1/20
281,,Actors,35-55,Male,Yes,No,Yes,Freelancer,No,Graduate,,,10/1/20
602,,Actors,35-55,Male,No,No,No,Self-employed,No,Undergraduate,,,8/1/21
659,,Actors,18-35,Male,No,No,Yes,Freelancer,No,Graduate,,,9/19/20
755,,Actors,18-35,Male,No,No,No,Employed,No,Undergraduate,,,6/12/21
434,,Actors,35-55,Male,No,No,No,Self-employed,No,Undergraduate,,,9/19/23
113,,Actors,18-35,Male,No,No,No,Freelancer,No,Graduate,,,8/27/22
185,,Actors,18-35,Male,No,No,No,Freelancer,No,Undergraduate,,,12/3/23
600,,Actors,35-55,Female,No,No,No,Freelancer,No,Graduate,,,2/20/22
481,,Organization,,,,,,,,,Lifestyle And Health,,9/1/20
294,,Actors,18-35,Male,Yes,Yes,No,Employed,Yes,Highschool,,,8/1/22
483,,Organization,,,,,,,,,Technology And Education,,1/26/22
484,,Organization,,,,,,,,,Technology And Education,,4/14/21
481,,Actors,35-55,Male,No,No,No,Employed,No,Graduate,,,9/1/20
186,,Actors,35-55,Male,No,No,No,Employed,Yes,Undergraduate,,,10/13/21
367,,Actors,18-35,Female,No,No,Yes,Freelancer,No,Undergraduate,,,5/25/21
828,,Actors,18-35,Male,No,No,Yes,Freelancer,No,Undergraduate,,,7/1/20
394,,Actors,18-35,Male,No,No,No,Employed,No,Undergraduate,,,10/11/22
646,,Actors,18-35,Male,No,No,Yes,Freelancer,Yes,Graduate,,,10/1/20
1134,,Actors,35-55,Male,No,No,No,Employed,No,Graduate,,,12/3/23
730,,Actors,18-35,Male,No,No,No,Employed,No,Graduate,,,2/16/21
895,,Actors,35-55,Male,No,No,No,Freelancer,No,Undergraduate,,,7/25/22
1136,,Actors,35-55,Female,Yes,No,No,Employed,Yes,Graduate,,,11/11/22
725,,Actors,18-35,Female,No,No,No,Employed,No,Undergraduate,,,1/16/21
1058,,Actors,35-55,Female,No,No,No,Employed,No,Undergraduate,,,11/23/23
497,,Organization,,,,,,,,,Technology And Education,,10/7/20
498,,Organization,,,,,,,,,Culture And Arts,,11/19/22
499,,Organization,,,,,,,,,Environment And Sustainability,,5/17/21
500,,Organization,,,,,,,,,Environment And Sustainability,,8/15/21
226,,Actors,18-35,Female,No,No,No,Employed,Yes,Undergraduate,,,9/1/20
180,,Actors,18-35,Female,No,No,Yes,Freelancer,No,Undergraduate,,,7/1/21
350,,Actors,35-55,Male,No,No,No,Self-employed,No,Undergraduate,,,10/11/22
504,,Organization,,,,,,,,,Environment And Sustainability,,12/1/21
636,,Actors,35-55,Female,No,No,No,Self-employed,No,Undergraduate,,,12/1/21
506,,Organization,,,,,,,,,Community And Organization,,9/20/22
722,,Actors,35-55,Male,No,No,No,Self-employed,No,Undergraduate,,,12/27/20
1103,,Event,,,,,,,,,Community And Organization,,6/10/23
508,,Organization,,,,,,,,,Technology And Education,,7/1/20
1104,,Event,,,,,,,,,Lifestyle And Health,,2/19/23
1105,,Media Content,,,,,,,,,Lifestyle And Health,,2/12/23
1106,,Event,,,,,,,,,Community And Organization,,11/28/21
1107,,Short-term Project,,,,,,,,,Community And Organization,,7/1/23
1108,,Media Content,,,,,,,,,Community And Organization,,2/3/23
1109,,Short-term Project,,,,,,,,,Community And Organization,,7/2/23
1110,,Event,,,,,,,,,Lifestyle And Health,,11/26/22
509,,Organization,,,,,,,,,Community And Organization,,7/30/21
510,,Organization,,,,,,,,,Community And Organization,,2/5/22
511,,Organization,,,,,,,,,Culture And Arts,,8/1/21
512,,Organization,,,,,,,,,Culture And Arts,,3/3/22
467,,Actors,35-55,Female,Yes,Yes,No,Employed,No,Graduate,,,8/1/20
705,,Actors,35-55,Male,No,No,No,Self-employed,No,Undergraduate,,,10/24/20
149,,Actors,35-55,Male,Yes,Yes,Yes,Freelancer,Yes,Graduate,,,6/1/20
516,,Organization,,,,,,,,,Environment And Sustainability,,7/30/21
723,,Actors,35-55,Male,No,No,No,Self-employed,No,Undergraduate,,,1/3/21
518,,Organization,,,,,,,,,Environment And Sustainability,,7/1/23
1127,,Space,,,,,,,,,,Cafe or Working Space,5/1/20
1128,,Space,,,,,,,,,,Meeting Room,5/1/20
1129,,Space,,,,,,,,,,Kitchen,5/1/20
1130,,Space,,,,,,,,,,Outdoor,4/24/21
1131,,Space,,,,,,,,,,Meeting Room,5/1/20
1132,,Space,,,,,,,,,,Gallery or Studio,6/1/21
1133,,Space,,,,,,,,,,Cafe or Working Space,5/17/20
1134,,Space,,,,,,,,,,Gallery or Studio,5/16/21
1135,,Space,,,,,,,,,,,9/1/21
1136,,Space,,,,,,,,,,Meeting Room,11/11/22
1137,,Space,,,,,,,,,,Cafe or Working Space,5/1/20
519,,Organization,,,,,,,,,Culture And Arts,,5/9/23
520,,Organization,,,,,,,,,Culture And Arts,,7/25/22
930,,Actors,18-35,Female,No,No,No,Self-employed,Yes,Undergraduate,,,9/30/23
522,,Organization,,,,,,,,,Culture And Arts,,8/27/20
833,,Actors,18-35,Female,No,No,Yes,Freelancer,No,Graduate,,,9/8/20
524,,Organization,,,,,,,,,Culture And Arts,,7/1/21
289,,Actors,18-35,Male,No,No,Yes,Freelancer,No,Undergraduate,,,5/1/21
526,,Organization,,,,,,,,,Technology And Education,,12/1/20
548,,Actors,18-35,Male,No,No,Yes,Freelancer,No,Undergraduate,,,3/1/22
911,,Actors,18-35,Male,No,No,Yes,Freelancer,No,Graduate,,,1/5/23
563,,Actors,18-35,Female,No,No,No,Self-employed,No,Undergraduate,,,8/15/21
449,,Actors,18-35,Male,No,No,No,Self-employed,No,Undergraduate,,,7/2/23
532,,Organization,,,,,,,,,Environment And Sustainability,,3/5/23
674,,Actors,35-55,Female,No,No,No,Self-employed,No,Graduate,,,8/20/21
423,,Actors,55,Female,Yes,No,No,Freelancer,Yes,Highschool,,,11/1/21
492,,Actors,35-55,Male,No,No,Yes,Freelancer,Yes,Undergraduate,,,1/25/22
652,,Actors,0-18,Male,No,No,Yes,Self-employed,No,Highschool,,,5/1/21
537,,Organization,,,,,,,,,Technology And Education,,6/1/20
1111,,Event,,,,,,,,,Environment And Sustainability,,11/12/23
227,,Actors,18-35,Male,No,No,Yes,Employed,No,Graduate,,,9/25/23
559,,Actors,35-55,Female,No,No,No,Employed,No,Undergraduate,,,9/1/20
540,,Organization,,,,,,,,,Environment And Sustainability,,9/1/20
267,,Actors,18-35,Female,No,No,No,Freelancer,Yes,Undergraduate,,,8/17/22
411,,Actors,35-55,Female,No,No,No,Employed,No,Graduate,,,3/2/21
671,,Actors,0-18,Male,No,No,Yes,Self-employed,No,Highschool,,,9/29/20
1027,,Actors,35-55,Female,No,No,No,Employed,No,Undergraduate,,,10/23/21
408,,Actors,35-55,Female,No,No,No,Self-employed,No,Graduate,,,7/1/21
874,,Actors,35-55,Female,No,No,No,Self-employed,No,Undergraduate,,,12/8/21
511,,Actors,35-55,Male,No,No,No,Self-employed,Yes,Graduate,,,8/1/21
655,,Actors,18-35,Male,No,No,No,Self-employed,No,Undergraduate,,,7/1/21
549,,Organization,,,,,,,,,Environment And Sustainability,,8/1/21
365,,Actors,55,Male,Yes,No,No,Freelancer,Yes,Highschool,,,9/25/23
882,,Actors,35-55,Male,Yes,No,No,Employed,No,Graduate,,,2/21/22
721,,Actors,35-55,Male,Yes,No,No,Employed,No,Undergraduate,,,12/27/20
304,,Actors,18-35,Male,No,No,Yes,Freelancer,Yes,Graduate,,,2/1/21
523,,Actors,18-35,Male,No,No,No,Self-employed,No,Undergraduate,,,9/30/20
555,,Organization,,,,,,,,,Community And Organization,,7/2/23
872,,Actors,35-55,Male,No,No,No,Employed,No,Undergraduate,,,11/17/21
957,,Actors,35-55,Female,No,No,No,Freelancer,No,Undergraduate,,,2/7/22
496,,Actors,18-35,Male,No,No,No,Employed,No,Undergraduate,,,7/1/23
413,,Actors,18-35,Female,No,No,Yes,Self-employed,Yes,Graduate,,,4/24/23
899,,Actors,18-35,Male,No,No,No,Freelancer,No,Undergraduate,,,8/17/22
588,,Actors,35-55,Male,No,No,No,Self-employed,No,Graduate,,,7/30/21
562,,Organization,,,,,,,,,Environment And Sustainability,,1/28/21
1112,,Short-term Project,,,,,,,,,Community And Organization,,9/18/22
563,,Organization,,,,,,,,,Community And Organization,,8/15/21
564,,Organization,,,,,,,,,Community And Organization,,7/15/23
565,,Organization,,,,,,,,,Community And Organization,,7/2/23
904,,Actors,35-55,Male,No,No,No,Employed,No,Graduate,,,11/11/22
795,,Actors,18-35,Male,No,No,No,Employed,No,Undergraduate,,,2/13/22
760,,Actors,35-55,Male,No,No,No,Employed,No,Graduate,,,3/1/21
261,,Actors,18-35,Female,No,No,No,Self-employed,No,Graduate,,,8/1/21
894,,Actors,18-35,Female,No,No,No,Employed,No,Undergraduate,,,7/8/22
560,,Actors,18-35,Male,No,No,No,Self-employed,No,Graduate,,,8/20/21
228,,Actors,18-35,Male,No,No,No,Freelancer,No,Undergraduate,,,7/1/21
613,,Actors,35-55,Male,No,No,No,Employed,No,Graduate,,,8/20/21
766,,Actors,18-35,Male,No,No,Yes,Freelancer,Yes,Undergraduate,,,9/11/21
767,,Actors,18-35,Male,No,No,Yes,Freelancer,Yes,Undergraduate,,,3/2/21
768,,Actors,18-35,Female,No,No,Yes,Freelancer,Yes,Undergraduate,,,8/1/20
769,,Actors,18-35,Male,No,No,Yes,Freelancer,Yes,Undergraduate,,,10/3/21
1113,,Event,,,,,,,,,Community And Organization,,7/7/23
1114,,Event,,,,,,,,,Community And Organization,,8/27/23
1115,,Event,,,,,,,,,Community And Organization,,7/7/23
578,,Organization,,,,,,,,,Culture And Arts,,5/1/20
1116,,Short-term Project,,,,,,,,,Environment And Sustainability,,10/11/22
579,,Organization,,,,,,,,,Culture And Arts,,7/30/21
580,,Organization,,,,,,,,,Technology And Education,,10/21/20
1117,,Event,,,,,,,,,Culture And Arts,,11/21/22
1118,,Event,,,,,,,,,Culture And Arts,,3/26/23
1119,,Event,,,,,,,,,Technology And Education,,5/30/23
1120,,Event,,,,,,,,,Culture And Arts,,4/11/23
1121,,Event,,,,,,,,,Culture And Arts,,5/18/23
581,,Organization,,,,,,,,,Culture And Arts,,11/1/21
698,,Actors,35-55,Female,No,No,No,Employed,No,Undergraduate,,,9/6/20
1122,,Event,,,,,,,,,Environment And Sustainability,,11/5/22
403,,Actors,35-55,Male,No,No,No,Employed,No,Graduate,,,6/28/21
1100,,Actors,35-55,Female,Yes,No,No,Employed,No,Graduate,,,5/13/23
844,,Actors,35-55,Male,Yes,Yes,No,Employed,No,Undergraduate,,,5/27/21
1091,,Actors,18-35,Male,No,No,No,Employed,No,Graduate,,,5/9/23
587,,Organization,,,,,,,,,Technology And Education,,1/30/21
588,,Organization,,,,,,,,,Technology And Education,,7/30/21
589,,Organization,,,,,,,,,Community And Organization,,5/30/23
577,,Actors,18-35,Female,No,No,No,Freelancer,No,Undergraduate,,,10/24/22
591,,Organization,,,,,,,,,Technology And Education,,9/25/23
151,,Actors,18-35,Male,Yes,No,No,Employed,No,Graduate,,,5/11/21
1016,,Actors,35-55,Female,Yes,No,No,Employed,No,Undergraduate,,,9/13/21
1033,,Actors,35-55,Female,Yes,No,No,Employed,No,Undergraduate,,,12/3/23
884,,Actors,35-55,Female,No,No,No,Employed,No,Graduate,,,4/11/22
790,,Actors,35-55,Female,No,No,No,Self-employed,No,Graduate,,,3/2/21
1028,,Actors,35-55,Female,No,No,No,Employed,No,Undergraduate,,,7/6/21
459,,Actors,35-55,Male,No,No,No,Employed,No,Undergraduate,,,3/5/22
1097,,Actors,35-55,Female,Yes,Yes,No,Employed,No,Graduate,,,12/31/22
600,,Organization,,,,,,,,,Culture And Arts,,2/20/22
1056,,Actors,35-55,Male,No,No,No,Employed,No,Undergraduate,,,9/10/23
617,,Actors,35-55,Female,No,No,No,Freelancer,No,Undergraduate,,,8/1/21
229,,Actors,35-55,Female,Yes,No,No,Freelancer,No,Undergraduate,,,8/1/21
793,,Actors,18-35,Female,No,No,No,Employed,No,Undergraduate,,,12/25/21
834,,Actors,35-55,Female,Yes,Yes,Yes,Freelancer,No,Graduate,,,12/19/20
181,,Actors,18-35,Male,No,No,No,Freelancer,No,Undergraduate,,,10/1/20
278,,Actors,18-35,Female,No,No,Yes,Freelancer,Yes,Graduate,,,7/1/21
438,,Actors,35-55,Male,Yes,No,No,Employed,No,Graduate,,,9/19/20
537,,Actors,35-55,Male,Yes,Yes,No,Employed,No,Undergraduate,,,6/1/20
72,,Actors,35-55,Male,Yes,No,No,Freelancer,No,Undergraduate,,,11/28/23
377,,Actors,18-35,Female,No,No,No,Employed,No,Graduate,,,5/1/21
182,,Actors,18-35,Male,No,No,Yes,Freelancer,Yes,Graduate,,,9/4/21
862,,Actors,18-35,Male,No,No,Yes,Freelancer,No,Undergraduate,,,9/6/21
856,,Actors,18-35,Male,No,No,Yes,Freelancer,Yes,Graduate,,,7/26/21
615,,Organization,,,,,,,,,Community And Organization,,8/15/21
620,,Actors,18-35,Male,No,No,No,Self-employed,No,Graduate,,,11/1/20
557,,Actors,18-35,Male,No,No,No,Employed,No,Undergraduate,,,10/11/22
455,,Actors,35-55,Male,No,No,No,Self-employed,No,Undergraduate,,,12/3/23
619,,Organization,,,,,,,,,Culture And Arts,,9/25/23
270,,Actors,35-55,Female,Yes,Yes,No,Self-employed,No,Undergraduate,,,9/1/21
230,,Actors,18-35,Male,No,No,No,Freelancer,Yes,Undergraduate,,,12/3/23
596,,Actors,35-55,Female,Yes,No,No,Freelancer,No,Graduate,,,2/5/22
505,,Actors,35-55,Female,No,No,No,Self-employed,No,Graduate,,,8/10/21
231,,Actors,18-35,Female,No,No,Yes,Freelancer,Yes,Undergraduate,,,5/1/21
700,,Actors,18-35,Female,No,No,No,Employed,No,Undergraduate,,,9/19/21
1034,,Actors,18-35,Male,No,No,No,Freelancer,No,Undergraduate,,,12/3/23
871,,Actors,35-55,Male,No,No,No,Self-employed,No,Graduate,,,11/15/21
898,,Actors,18-35,Female,No,No,No,Freelancer,No,Graduate,,,8/13/22
555,,Actors,35-55,Male,Yes,No,No,Employed,No,Undergraduate,,,7/2/23
56,,Actors,35-55,Male,No,No,No,Employed,No,Graduate,,,12/3/23
631,,Organization,,,,,,,,,Culture And Arts,,12/27/20
1123,,Event,,,,,,,,,Culture And Arts,,3/18/23
1124,,Event,,,,,,,,,Culture And Arts,,5/20/23
247,,Actors,18-35,Male,No,No,No,Freelancer,No,Graduate,,,9/1/22
1047,,Actors,18-35,Male,No,No,No,Freelancer,No,Graduate,,,7/1/21
1044,,Actors,18-35,Male,No,No,No,Employed,No,Graduate,,,7/30/21
337,,Actors,18-35,Male,No,No,Yes,Freelancer,No,Graduate,,,7/1/20
334,,Actors,18-35,Male,No,No,Yes,Freelancer,Yes,Graduate,,,5/1/21
383,,Actors,18-35,Male,No,No,No,Self-employed,No,Graduate,,,9/18/22
232,,Actors,35-55,Male,Yes,Yes,No,Freelancer,No,Undergraduate,,,11/1/20
639,,Organization,,,,,,,,,Culture And Arts,,12/1/20
853,,Actors,18-35,Male,No,No,No,Freelancer,No,Graduate,,,7/10/21
641,,Organization,,,,,,,,,Technology And Education,,10/18/20
568,,Actors,35-55,Male,No,No,No,Freelancer,No,Undergraduate,,,10/9/22
643,,Organization,,,,,,,,,Environment And Sustainability,,10/16/21
233,,Actors,35-55,Male,Yes,Yes,No,Freelancer,No,Undergraduate,,,9/4/21
857,,Actors,35-55,Male,Yes,No,No,Freelancer,No,Undergraduate,,,8/8/21
482,,Actors,18-35,Male,No,No,No,Self-employed,No,Graduate,,,5/1/21
578,,Actors,18-35,Male,No,No,No,Freelancer,No,Graduate,,,5/1/21
268,,Actors,18-35,Female,No,No,Yes,Freelancer,Yes,Undergraduate,,,7/1/23
385,,Actors,35-55,Male,Yes,Yes,No,Freelancer,Yes,Undergraduate,,,5/3/21
650,,Organization,,,,,,,,,Technology And Education,,3/21/22
840,,Actors,35-55,Male,Yes,No,No,Freelancer,No,Undergraduate,,,3/26/21
388,,Actors,35-55,Male,Yes,Yes,No,Freelancer,No,Graduate,,,8/1/20
653,,Organization,,,,,,,,,Technology And Education,,9/18/22
1125,,Event,,,,,,,,,Culture And Arts,,6/18/23
1126,,Event,,,,,,,,,Culture And Arts,,10/6/22
512,,Actors,35-55,Male,No,No,No,Freelancer,No,Graduate,,,8/22/21
664,,Actors,35-55,Female,No,No,No,Self-employed,No,Undergraduate,,,3/15/22
561,,Actors,35-55,Female,No,No,No,Self-employed,No,Undergraduate,,,8/1/21
657,,Organization,,,,,,,,,Environment And Sustainability,,7/1/20
703,,Actors,18-35,Female,No,No,No,Self-employed,No,Graduate,,,9/1/20
252,,Actors,35-55,Male,No,No,No,Employed,Yes,Graduate,,,5/1/20
629,,Actors,35-55,Female,No,No,No,Self-employed,No,Undergraduate,,,8/1/21
265,,Actors,18-35,Female,No,No,Yes,Self-employed,No,Graduate,,,7/1/22
662,,Organization,,,,,,,,,Technology And Education,,3/2/21
663,,Organization,,,,,,,,,Technology And Education,,5/1/21
841,,Actors,35-55,Female,No,No,No,Employed,No,Graduate,,,4/7/21
665,,Organization,,,,,,,,,Lifestyle And Health,,11/22/22
275,,Actors,18-35,Male,No,No,Yes,Freelancer,Yes,Undergraduate,,,9/15/20
667,,Organization,,,,,,,,,Environment And Sustainability,,7/1/21
422,,Actors,18-35,Male,Yes,No,Yes,Self-employed,Yes,Graduate,,,6/1/20
669,,Organization,,,,,,,,,Community And Organization,,9/1/21
309,,Actors,18-35,Male,No,No,Yes,Freelancer,Yes,Undergraduate,,,9/1/21
460,,Actors,18-35,Male,No,No,Yes,Freelancer,No,Undergraduate,,,5/1/21
1041,,Actors,18-35,Female,No,No,Yes,Self-employed,No,Graduate,,,7/5/21
273,,Actors,18-35,Male,No,No,No,Freelancer,No,Undergraduate,,,12/8/20
183,,Actors,18-35,Male,No,No,Yes,Freelancer,Yes,Graduate,,,10/15/21
739,,Actors,18-35,Male,No,No,Yes,Freelancer,No,Graduate,,,3/28/21
277,,Actors,18-35,Male,No,No,Yes,Freelancer,Yes,Graduate,,,10/26/20
461,,Actors,18-35,Male,No,No,Yes,Freelancer,Yes,Graduate,,,5/1/21
184,,Actors,18-35,Female,No,No,No,Freelancer,No,Undergraduate,,,8/15/21
495,,Actors,35-55,Male,Yes,No,No,Self-employed,No,Graduate,,,7/25/21